title,link,published_date,updated_date,categories,content
不明,https://firebase.google.com/support/release-notes/ios,2025-04-13,2025-04-13,,不明
不明,https://firebase.google.com/support/release-notes/android,2025-04-13,2025-04-13,,不明
不明,https://firebase.google.com/support/release-notes/js,2025-04-13,2025-04-13,,不明
不明,https://firebase.google.com/support/release-notes/flutter,2025-04-13,2025-04-13,,不明
不明,https://firebase.google.com/support/release-notes/cpp-relnotes,2025-04-13,2025-04-13,,不明
不明,https://firebase.google.com/support/release-notes/unity,2025-04-13,2025-04-13,,不明
不明,https://firebase.google.com/support/release-notes/admin/node,2025-04-13,2025-04-13,,不明
不明,https://firebase.google.com/support/release-notes/admin/java,2025-04-13,2025-04-13,,不明
不明,https://firebase.google.com/support/release-notes/admin/python,2025-04-13,2025-04-13,,不明
不明,https://firebase.google.com/support/release-notes/admin/go,2025-04-13,2025-04-13,,不明
不明,https://firebase.google.com/support/release-notes/admin/dotnet,2025-04-13,2025-04-13,,不明
不明,https://firebase.google.com/support/release-notes/cli,2025-04-13,2025-04-13,,不明
